{"stats":{"minecraft:custom":{"minecraft:jump":72,"minecraft:time_since_rest":6720,"minecraft:crouch_one_cm":5,"minecraft:walk_on_water_one_cm":3989,"minecraft:damage_dealt":87,"minecraft:damage_taken":225,"minecraft:sprint_one_cm":7925,"minecraft:leave_game":4,"minecraft:play_time":6720,"minecraft:time_since_death":6720,"minecraft:walk_one_cm":3929,"minecraft:sneak_time":56,"minecraft:total_world_time":6720,"minecraft:walk_under_water_one_cm":1393,"minecraft:swim_one_cm":2688,"minecraft:fall_one_cm":4749,"minecraft:fly_one_cm":23713},"minecraft:used":{"alexsmobs:animal_dictionary":1}},"DataVersion":3465}